{"_runtime":9.255301128,"_step":0,"_wandb":{"runtime":9},"accuracy":0.9,"_timestamp":1.735111434916315e+09}