{"_wandb":{"runtime":455},"_runtime":455.269615659,"percentile_99":0.0011647515097237837,"data_range":0.1560785009205451,"median":0,"percentile_1":-0.001197210657945391,"shapiro_pvalue":4.9985665377367113e-88,"jarque_bera_pvalue":0,"variation_coefficient":403.688162258348,"pp_diffs_required":0,"skewness":-11.09759588179488,"quartile_3":0,"kpss_diffs_required":0,"_step":0,"kurtosis":3054.7869383028105,"plots":{"width":1500,"height":1000,"_type":"image-file","sha256":"e2a291106aebb9f119632747fcdd9c34d316df583428871c3bca3e0053232994","size":154573,"path":"media/images/plots_0_e2a291106aebb9f11963.png","format":"png"},"adf_test_statistic":-36.25057614269179,"_timestamp":1.735136068572232e+09,"is_stationary":true,"mean":1.2091071912458163e-06,"adf_p_value":0,"std":0.00048810226000737644,"quartile_1":0,"jarque_bera_statistic":3.941056960858856e+11,"critical_values":{"10%":-2.5667853949035773,"1%":-3.4304154398333235,"5%":-2.861568923380865},"shapiro_statistic":0.2864417470657048,"adf_diffs_required":0}